# id	prompt_file	continuation_file
case_000	quality/data/laguna-openrouter-100/prompts/case_000.txt	quality/data/laguna-openrouter-100/continuations/case_000.txt
case_001	quality/data/laguna-openrouter-100/prompts/case_001.txt	quality/data/laguna-openrouter-100/continuations/case_001.txt
case_002	quality/data/laguna-openrouter-100/prompts/case_002.txt	quality/data/laguna-openrouter-100/continuations/case_002.txt
case_003	quality/data/laguna-openrouter-100/prompts/case_003.txt	quality/data/laguna-openrouter-100/continuations/case_003.txt
case_004	quality/data/laguna-openrouter-100/prompts/case_004.txt	quality/data/laguna-openrouter-100/continuations/case_004.txt
case_005	quality/data/laguna-openrouter-100/prompts/case_005.txt	quality/data/laguna-openrouter-100/continuations/case_005.txt
case_006	quality/data/laguna-openrouter-100/prompts/case_006.txt	quality/data/laguna-openrouter-100/continuations/case_006.txt
case_007	quality/data/laguna-openrouter-100/prompts/case_007.txt	quality/data/laguna-openrouter-100/continuations/case_007.txt
case_008	quality/data/laguna-openrouter-100/prompts/case_008.txt	quality/data/laguna-openrouter-100/continuations/case_008.txt
case_009	quality/data/laguna-openrouter-100/prompts/case_009.txt	quality/data/laguna-openrouter-100/continuations/case_009.txt
case_010	quality/data/laguna-openrouter-100/prompts/case_010.txt	quality/data/laguna-openrouter-100/continuations/case_010.txt
case_011	quality/data/laguna-openrouter-100/prompts/case_011.txt	quality/data/laguna-openrouter-100/continuations/case_011.txt
case_012	quality/data/laguna-openrouter-100/prompts/case_012.txt	quality/data/laguna-openrouter-100/continuations/case_012.txt
case_013	quality/data/laguna-openrouter-100/prompts/case_013.txt	quality/data/laguna-openrouter-100/continuations/case_013.txt
case_014	quality/data/laguna-openrouter-100/prompts/case_014.txt	quality/data/laguna-openrouter-100/continuations/case_014.txt
case_015	quality/data/laguna-openrouter-100/prompts/case_015.txt	quality/data/laguna-openrouter-100/continuations/case_015.txt
case_016	quality/data/laguna-openrouter-100/prompts/case_016.txt	quality/data/laguna-openrouter-100/continuations/case_016.txt
case_017	quality/data/laguna-openrouter-100/prompts/case_017.txt	quality/data/laguna-openrouter-100/continuations/case_017.txt
case_018	quality/data/laguna-openrouter-100/prompts/case_018.txt	quality/data/laguna-openrouter-100/continuations/case_018.txt
case_019	quality/data/laguna-openrouter-100/prompts/case_019.txt	quality/data/laguna-openrouter-100/continuations/case_019.txt
case_020	quality/data/laguna-openrouter-100/prompts/case_020.txt	quality/data/laguna-openrouter-100/continuations/case_020.txt
case_021	quality/data/laguna-openrouter-100/prompts/case_021.txt	quality/data/laguna-openrouter-100/continuations/case_021.txt
case_022	quality/data/laguna-openrouter-100/prompts/case_022.txt	quality/data/laguna-openrouter-100/continuations/case_022.txt
case_023	quality/data/laguna-openrouter-100/prompts/case_023.txt	quality/data/laguna-openrouter-100/continuations/case_023.txt
case_024	quality/data/laguna-openrouter-100/prompts/case_024.txt	quality/data/laguna-openrouter-100/continuations/case_024.txt
case_025	quality/data/laguna-openrouter-100/prompts/case_025.txt	quality/data/laguna-openrouter-100/continuations/case_025.txt
case_026	quality/data/laguna-openrouter-100/prompts/case_026.txt	quality/data/laguna-openrouter-100/continuations/case_026.txt
case_027	quality/data/laguna-openrouter-100/prompts/case_027.txt	quality/data/laguna-openrouter-100/continuations/case_027.txt
case_028	quality/data/laguna-openrouter-100/prompts/case_028.txt	quality/data/laguna-openrouter-100/continuations/case_028.txt
case_029	quality/data/laguna-openrouter-100/prompts/case_029.txt	quality/data/laguna-openrouter-100/continuations/case_029.txt
case_030	quality/data/laguna-openrouter-100/prompts/case_030.txt	quality/data/laguna-openrouter-100/continuations/case_030.txt
case_031	quality/data/laguna-openrouter-100/prompts/case_031.txt	quality/data/laguna-openrouter-100/continuations/case_031.txt
case_032	quality/data/laguna-openrouter-100/prompts/case_032.txt	quality/data/laguna-openrouter-100/continuations/case_032.txt
case_033	quality/data/laguna-openrouter-100/prompts/case_033.txt	quality/data/laguna-openrouter-100/continuations/case_033.txt
case_034	quality/data/laguna-openrouter-100/prompts/case_034.txt	quality/data/laguna-openrouter-100/continuations/case_034.txt
case_035	quality/data/laguna-openrouter-100/prompts/case_035.txt	quality/data/laguna-openrouter-100/continuations/case_035.txt
case_036	quality/data/laguna-openrouter-100/prompts/case_036.txt	quality/data/laguna-openrouter-100/continuations/case_036.txt
case_037	quality/data/laguna-openrouter-100/prompts/case_037.txt	quality/data/laguna-openrouter-100/continuations/case_037.txt
case_038	quality/data/laguna-openrouter-100/prompts/case_038.txt	quality/data/laguna-openrouter-100/continuations/case_038.txt
case_039	quality/data/laguna-openrouter-100/prompts/case_039.txt	quality/data/laguna-openrouter-100/continuations/case_039.txt
case_040	quality/data/laguna-openrouter-100/prompts/case_040.txt	quality/data/laguna-openrouter-100/continuations/case_040.txt
case_041	quality/data/laguna-openrouter-100/prompts/case_041.txt	quality/data/laguna-openrouter-100/continuations/case_041.txt
case_042	quality/data/laguna-openrouter-100/prompts/case_042.txt	quality/data/laguna-openrouter-100/continuations/case_042.txt
case_043	quality/data/laguna-openrouter-100/prompts/case_043.txt	quality/data/laguna-openrouter-100/continuations/case_043.txt
case_044	quality/data/laguna-openrouter-100/prompts/case_044.txt	quality/data/laguna-openrouter-100/continuations/case_044.txt
case_045	quality/data/laguna-openrouter-100/prompts/case_045.txt	quality/data/laguna-openrouter-100/continuations/case_045.txt
case_046	quality/data/laguna-openrouter-100/prompts/case_046.txt	quality/data/laguna-openrouter-100/continuations/case_046.txt
case_047	quality/data/laguna-openrouter-100/prompts/case_047.txt	quality/data/laguna-openrouter-100/continuations/case_047.txt
case_048	quality/data/laguna-openrouter-100/prompts/case_048.txt	quality/data/laguna-openrouter-100/continuations/case_048.txt
case_049	quality/data/laguna-openrouter-100/prompts/case_049.txt	quality/data/laguna-openrouter-100/continuations/case_049.txt
case_050	quality/data/laguna-openrouter-100/prompts/case_050.txt	quality/data/laguna-openrouter-100/continuations/case_050.txt
case_051	quality/data/laguna-openrouter-100/prompts/case_051.txt	quality/data/laguna-openrouter-100/continuations/case_051.txt
case_052	quality/data/laguna-openrouter-100/prompts/case_052.txt	quality/data/laguna-openrouter-100/continuations/case_052.txt
case_053	quality/data/laguna-openrouter-100/prompts/case_053.txt	quality/data/laguna-openrouter-100/continuations/case_053.txt
case_054	quality/data/laguna-openrouter-100/prompts/case_054.txt	quality/data/laguna-openrouter-100/continuations/case_054.txt
case_055	quality/data/laguna-openrouter-100/prompts/case_055.txt	quality/data/laguna-openrouter-100/continuations/case_055.txt
case_056	quality/data/laguna-openrouter-100/prompts/case_056.txt	quality/data/laguna-openrouter-100/continuations/case_056.txt
case_057	quality/data/laguna-openrouter-100/prompts/case_057.txt	quality/data/laguna-openrouter-100/continuations/case_057.txt
case_058	quality/data/laguna-openrouter-100/prompts/case_058.txt	quality/data/laguna-openrouter-100/continuations/case_058.txt
case_059	quality/data/laguna-openrouter-100/prompts/case_059.txt	quality/data/laguna-openrouter-100/continuations/case_059.txt
case_060	quality/data/laguna-openrouter-100/prompts/case_060.txt	quality/data/laguna-openrouter-100/continuations/case_060.txt
case_061	quality/data/laguna-openrouter-100/prompts/case_061.txt	quality/data/laguna-openrouter-100/continuations/case_061.txt
case_062	quality/data/laguna-openrouter-100/prompts/case_062.txt	quality/data/laguna-openrouter-100/continuations/case_062.txt
case_063	quality/data/laguna-openrouter-100/prompts/case_063.txt	quality/data/laguna-openrouter-100/continuations/case_063.txt
case_064	quality/data/laguna-openrouter-100/prompts/case_064.txt	quality/data/laguna-openrouter-100/continuations/case_064.txt
case_065	quality/data/laguna-openrouter-100/prompts/case_065.txt	quality/data/laguna-openrouter-100/continuations/case_065.txt
case_066	quality/data/laguna-openrouter-100/prompts/case_066.txt	quality/data/laguna-openrouter-100/continuations/case_066.txt
case_067	quality/data/laguna-openrouter-100/prompts/case_067.txt	quality/data/laguna-openrouter-100/continuations/case_067.txt
case_068	quality/data/laguna-openrouter-100/prompts/case_068.txt	quality/data/laguna-openrouter-100/continuations/case_068.txt
case_069	quality/data/laguna-openrouter-100/prompts/case_069.txt	quality/data/laguna-openrouter-100/continuations/case_069.txt
case_070	quality/data/laguna-openrouter-100/prompts/case_070.txt	quality/data/laguna-openrouter-100/continuations/case_070.txt
case_071	quality/data/laguna-openrouter-100/prompts/case_071.txt	quality/data/laguna-openrouter-100/continuations/case_071.txt
case_072	quality/data/laguna-openrouter-100/prompts/case_072.txt	quality/data/laguna-openrouter-100/continuations/case_072.txt
case_073	quality/data/laguna-openrouter-100/prompts/case_073.txt	quality/data/laguna-openrouter-100/continuations/case_073.txt
case_074	quality/data/laguna-openrouter-100/prompts/case_074.txt	quality/data/laguna-openrouter-100/continuations/case_074.txt
case_075	quality/data/laguna-openrouter-100/prompts/case_075.txt	quality/data/laguna-openrouter-100/continuations/case_075.txt
case_076	quality/data/laguna-openrouter-100/prompts/case_076.txt	quality/data/laguna-openrouter-100/continuations/case_076.txt
case_077	quality/data/laguna-openrouter-100/prompts/case_077.txt	quality/data/laguna-openrouter-100/continuations/case_077.txt
case_078	quality/data/laguna-openrouter-100/prompts/case_078.txt	quality/data/laguna-openrouter-100/continuations/case_078.txt
case_079	quality/data/laguna-openrouter-100/prompts/case_079.txt	quality/data/laguna-openrouter-100/continuations/case_079.txt
case_080	quality/data/laguna-openrouter-100/prompts/case_080.txt	quality/data/laguna-openrouter-100/continuations/case_080.txt
case_081	quality/data/laguna-openrouter-100/prompts/case_081.txt	quality/data/laguna-openrouter-100/continuations/case_081.txt
case_082	quality/data/laguna-openrouter-100/prompts/case_082.txt	quality/data/laguna-openrouter-100/continuations/case_082.txt
case_083	quality/data/laguna-openrouter-100/prompts/case_083.txt	quality/data/laguna-openrouter-100/continuations/case_083.txt
case_084	quality/data/laguna-openrouter-100/prompts/case_084.txt	quality/data/laguna-openrouter-100/continuations/case_084.txt
case_085	quality/data/laguna-openrouter-100/prompts/case_085.txt	quality/data/laguna-openrouter-100/continuations/case_085.txt
case_086	quality/data/laguna-openrouter-100/prompts/case_086.txt	quality/data/laguna-openrouter-100/continuations/case_086.txt
case_087	quality/data/laguna-openrouter-100/prompts/case_087.txt	quality/data/laguna-openrouter-100/continuations/case_087.txt
case_088	quality/data/laguna-openrouter-100/prompts/case_088.txt	quality/data/laguna-openrouter-100/continuations/case_088.txt
case_089	quality/data/laguna-openrouter-100/prompts/case_089.txt	quality/data/laguna-openrouter-100/continuations/case_089.txt
case_090	quality/data/laguna-openrouter-100/prompts/case_090.txt	quality/data/laguna-openrouter-100/continuations/case_090.txt
case_091	quality/data/laguna-openrouter-100/prompts/case_091.txt	quality/data/laguna-openrouter-100/continuations/case_091.txt
case_092	quality/data/laguna-openrouter-100/prompts/case_092.txt	quality/data/laguna-openrouter-100/continuations/case_092.txt
case_093	quality/data/laguna-openrouter-100/prompts/case_093.txt	quality/data/laguna-openrouter-100/continuations/case_093.txt
case_094	quality/data/laguna-openrouter-100/prompts/case_094.txt	quality/data/laguna-openrouter-100/continuations/case_094.txt
case_095	quality/data/laguna-openrouter-100/prompts/case_095.txt	quality/data/laguna-openrouter-100/continuations/case_095.txt
case_096	quality/data/laguna-openrouter-100/prompts/case_096.txt	quality/data/laguna-openrouter-100/continuations/case_096.txt
case_097	quality/data/laguna-openrouter-100/prompts/case_097.txt	quality/data/laguna-openrouter-100/continuations/case_097.txt
case_098	quality/data/laguna-openrouter-100/prompts/case_098.txt	quality/data/laguna-openrouter-100/continuations/case_098.txt
case_099	quality/data/laguna-openrouter-100/prompts/case_099.txt	quality/data/laguna-openrouter-100/continuations/case_099.txt
